size,run,method,time_ms
256,1,cpu_pow2,0.0094
256,1,cpu_non_pow2,0.0076
256,1,radixsort_pow2,4.70938
256,1,radixsort_non_pow2,5.80403
256,2,cpu_pow2,0.0095
256,2,cpu_non_pow2,0.0079
256,2,radixsort_pow2,4.58547
256,2,radixsort_non_pow2,6.47066
256,3,cpu_pow2,0.0079
256,3,cpu_non_pow2,0.006
256,3,radixsort_pow2,4.53222
256,3,radixsort_non_pow2,6.80858
256,4,cpu_pow2,0.0095
256,4,cpu_non_pow2,0.0083
256,4,radixsort_pow2,4.57114
256,4,radixsort_non_pow2,6.75328
256,5,cpu_pow2,0.0089
256,5,cpu_non_pow2,0.0065
256,5,radixsort_pow2,5.39341
256,5,radixsort_non_pow2,6.03546
256,6,cpu_pow2,0.0078
256,6,cpu_non_pow2,0.0063
256,6,radixsort_pow2,4.40227
256,6,radixsort_non_pow2,5.99142
256,7,cpu_pow2,0.008
256,7,cpu_non_pow2,0.0066
256,7,radixsort_pow2,6.40614
256,7,radixsort_non_pow2,5.8368
256,8,cpu_pow2,0.0088
256,8,cpu_non_pow2,0.0082
256,8,radixsort_pow2,5.31354
256,8,radixsort_non_pow2,5.72109
256,9,cpu_pow2,0.0082
256,9,cpu_non_pow2,0.0065
256,9,radixsort_pow2,4.53632
256,9,radixsort_non_pow2,6.6601
256,10,cpu_pow2,0.0098
256,10,cpu_non_pow2,0.0074
256,10,radixsort_pow2,5.00842
256,10,radixsort_non_pow2,5.85318
512,1,cpu_pow2,0.0167
512,1,cpu_non_pow2,0.0148
512,1,radixsort_pow2,4.47802
512,1,radixsort_non_pow2,6.31706
512,2,cpu_pow2,0.0203
512,2,cpu_non_pow2,0.0171
512,2,radixsort_pow2,4.81485
512,2,radixsort_non_pow2,5.69549
512,3,cpu_pow2,0.0191
512,3,cpu_non_pow2,0.0178
512,3,radixsort_pow2,5.32173
512,3,radixsort_non_pow2,5.94842
512,4,cpu_pow2,0.0201
512,4,cpu_non_pow2,0.0179
512,4,radixsort_pow2,4.49024
512,4,radixsort_non_pow2,5.3289
512,5,cpu_pow2,0.0203
512,5,cpu_non_pow2,0.0174
512,5,radixsort_pow2,4.59162
512,5,radixsort_non_pow2,6.63757
512,6,cpu_pow2,0.02
512,6,cpu_non_pow2,0.0182
512,6,radixsort_pow2,4.27418
512,6,radixsort_non_pow2,5.46509
512,7,cpu_pow2,0.0203
512,7,cpu_non_pow2,0.0183
512,7,radixsort_pow2,5.72211
512,7,radixsort_non_pow2,6.03341
512,8,cpu_pow2,0.0162
512,8,cpu_non_pow2,0.0144
512,8,radixsort_pow2,4.51789
512,8,radixsort_non_pow2,5.66886
512,9,cpu_pow2,0.0162
512,9,cpu_non_pow2,0.0142
512,9,radixsort_pow2,5.23776
512,9,radixsort_non_pow2,5.89005
512,10,cpu_pow2,0.0168
512,10,cpu_non_pow2,0.0135
512,10,radixsort_pow2,5.26746
512,10,radixsort_non_pow2,5.50093
1024,1,cpu_pow2,0.0417
1024,1,cpu_non_pow2,0.0386
1024,1,radixsort_pow2,8.81971
1024,1,radixsort_non_pow2,10.2728
1024,2,cpu_pow2,0.0336
1024,2,cpu_non_pow2,0.0479
1024,2,radixsort_pow2,9.42285
1024,2,radixsort_non_pow2,9.07878
1024,3,cpu_pow2,0.0401
1024,3,cpu_non_pow2,0.041
1024,3,radixsort_pow2,8.76339
1024,3,radixsort_non_pow2,10.1038
1024,4,cpu_pow2,0.0431
1024,4,cpu_non_pow2,0.0387
1024,4,radixsort_pow2,9.34502
1024,4,radixsort_non_pow2,9.73005
1024,5,cpu_pow2,0.0337
1024,5,cpu_non_pow2,0.0316
1024,5,radixsort_pow2,7.66157
1024,5,radixsort_non_pow2,9.81709
1024,6,cpu_pow2,0.0549
1024,6,cpu_non_pow2,0.0509
1024,6,radixsort_pow2,8.4521
1024,6,radixsort_non_pow2,9.71776
1024,7,cpu_pow2,0.0423
1024,7,cpu_non_pow2,0.0385
1024,7,radixsort_pow2,9.3952
1024,7,radixsort_non_pow2,9.11053
1024,8,cpu_pow2,0.043
1024,8,cpu_non_pow2,0.0397
1024,8,radixsort_pow2,8.20531
1024,8,radixsort_non_pow2,9.35936
1024,9,cpu_pow2,0.0336
1024,9,cpu_non_pow2,0.0317
1024,9,radixsort_pow2,8.71629
1024,9,radixsort_non_pow2,10.0772
1024,10,cpu_pow2,0.0344
1024,10,cpu_non_pow2,0.0317
1024,10,radixsort_pow2,8.26368
1024,10,radixsort_non_pow2,9.7239
2048,1,cpu_pow2,0.0737
2048,1,cpu_non_pow2,0.0701
2048,1,radixsort_pow2,8.03021
2048,1,radixsort_non_pow2,9.72083
2048,2,cpu_pow2,0.0853
2048,2,cpu_non_pow2,0.0668
2048,2,radixsort_pow2,8.35584
2048,2,radixsort_non_pow2,9.8007
2048,3,cpu_pow2,0.2276
2048,3,cpu_non_pow2,0.1111
2048,3,radixsort_pow2,9.31942
2048,3,radixsort_non_pow2,9.73517
2048,4,cpu_pow2,0.0909
2048,4,cpu_non_pow2,0.0867
2048,4,radixsort_pow2,8.6487
2048,4,radixsort_non_pow2,9.82323
2048,5,cpu_pow2,0.0888
2048,5,cpu_non_pow2,0.0864
2048,5,radixsort_pow2,9.14125
2048,5,radixsort_non_pow2,8.57395
2048,6,cpu_pow2,0.0905
2048,6,cpu_non_pow2,0.1036
2048,6,radixsort_pow2,7.86842
2048,6,radixsort_non_pow2,9.74746
2048,7,cpu_pow2,0.0911
2048,7,cpu_non_pow2,0.0883
2048,7,radixsort_pow2,8.03942
2048,7,radixsort_non_pow2,10.2236
2048,8,cpu_pow2,0.09
2048,8,cpu_non_pow2,0.089
2048,8,radixsort_pow2,8.23808
2048,8,radixsort_non_pow2,10.0628
2048,9,cpu_pow2,0.0715
2048,9,cpu_non_pow2,0.0753
2048,9,radixsort_pow2,7.67907
2048,9,radixsort_non_pow2,9.89594
2048,10,cpu_pow2,0.0739
2048,10,cpu_non_pow2,0.1144
2048,10,radixsort_pow2,9.86317
2048,10,radixsort_non_pow2,9.32147
4096,1,cpu_pow2,0.2001
4096,1,cpu_non_pow2,0.1917
4096,1,radixsort_pow2,8.92006
4096,1,radixsort_non_pow2,9.3225
4096,2,cpu_pow2,0.1542
4096,2,cpu_non_pow2,0.1531
4096,2,radixsort_pow2,9.27539
4096,2,radixsort_non_pow2,9.99629
4096,3,cpu_pow2,0.1552
4096,3,cpu_non_pow2,0.1541
4096,3,radixsort_pow2,8.55552
4096,3,radixsort_non_pow2,10.1816
4096,4,cpu_pow2,0.2469
4096,4,cpu_non_pow2,0.1849
4096,4,radixsort_pow2,8.71629
4096,4,radixsort_non_pow2,9.89389
4096,5,cpu_pow2,0.1536
4096,5,cpu_non_pow2,0.1468
4096,5,radixsort_pow2,8.68659
4096,5,radixsort_non_pow2,9.69114
4096,6,cpu_pow2,0.1978
4096,6,cpu_non_pow2,0.2148
4096,6,radixsort_pow2,9.31021
4096,6,radixsort_non_pow2,9.44026
4096,7,cpu_pow2,0.1546
4096,7,cpu_non_pow2,0.1542
4096,7,radixsort_pow2,9.06957
4096,7,radixsort_non_pow2,9.02042
4096,8,cpu_pow2,0.1961
4096,8,cpu_non_pow2,0.1909
4096,8,radixsort_pow2,7.99846
4096,8,radixsort_non_pow2,10.7459
4096,9,cpu_pow2,0.198
4096,9,cpu_non_pow2,0.1913
4096,9,radixsort_pow2,7.69024
4096,9,radixsort_non_pow2,10.4325
4096,10,cpu_pow2,0.1951
4096,10,cpu_non_pow2,0.1883
4096,10,radixsort_pow2,8.25139
4096,10,radixsort_non_pow2,10.3823
8192,1,cpu_pow2,0.476
8192,1,cpu_non_pow2,0.5345
8192,1,radixsort_pow2,8.7255
8192,1,radixsort_non_pow2,9.73414
8192,2,cpu_pow2,0.4344
8192,2,cpu_non_pow2,0.4173
8192,2,radixsort_pow2,8.59136
8192,2,radixsort_non_pow2,9.45152
8192,3,cpu_pow2,0.422
8192,3,cpu_non_pow2,0.4191
8192,3,radixsort_pow2,8.27392
8192,3,radixsort_non_pow2,10.2144
8192,4,cpu_pow2,0.4217
8192,4,cpu_non_pow2,0.3546
8192,4,radixsort_pow2,8.70717
8192,4,radixsort_non_pow2,10.3025
8192,5,cpu_pow2,0.4119
8192,5,cpu_non_pow2,0.4722
8192,5,radixsort_pow2,9.53037
8192,5,radixsort_non_pow2,9.29792
8192,6,cpu_pow2,0.3389
8192,6,cpu_non_pow2,0.3307
8192,6,radixsort_pow2,8.83405
8192,6,radixsort_non_pow2,9.68909
8192,7,cpu_pow2,0.4182
8192,7,cpu_non_pow2,0.4103
8192,7,radixsort_pow2,9.12077
8192,7,radixsort_non_pow2,8.73267
8192,8,cpu_pow2,0.4297
8192,8,cpu_non_pow2,0.3378
8192,8,radixsort_pow2,8.21862
8192,8,radixsort_non_pow2,9.46586
8192,9,cpu_pow2,0.4268
8192,9,cpu_non_pow2,0.4054
8192,9,radixsort_pow2,8.99994
8192,9,radixsort_non_pow2,10.3516
8192,10,cpu_pow2,0.4159
8192,10,cpu_non_pow2,0.4239
8192,10,radixsort_pow2,8.69376
8192,10,radixsort_non_pow2,10.3875
16384,1,cpu_pow2,0.8558
16384,1,cpu_non_pow2,0.8202
16384,1,radixsort_pow2,8.29952
16384,1,radixsort_non_pow2,9.85805
16384,2,cpu_pow2,0.9684
16384,2,cpu_non_pow2,0.7255
16384,2,radixsort_pow2,8.99174
16384,2,radixsort_non_pow2,9.76179
16384,3,cpu_pow2,0.7418
16384,3,cpu_non_pow2,0.7624
16384,3,radixsort_pow2,8.40602
16384,3,radixsort_non_pow2,9.74131
16384,4,cpu_pow2,0.7385
16384,4,cpu_non_pow2,0.7352
16384,4,radixsort_pow2,8.40192
16384,4,radixsort_non_pow2,8.77363
16384,5,cpu_pow2,0.9046
16384,5,cpu_non_pow2,0.7186
16384,5,radixsort_pow2,9.09517
16384,5,radixsort_non_pow2,8.92621
16384,6,cpu_pow2,0.7814
16384,6,cpu_non_pow2,0.7301
16384,6,radixsort_pow2,8.46029
16384,6,radixsort_non_pow2,10.3516
16384,7,cpu_pow2,0.9294
16384,7,cpu_non_pow2,0.7808
16384,7,radixsort_pow2,8.48384
16384,7,radixsort_non_pow2,9.63072
16384,8,cpu_pow2,0.8703
16384,8,cpu_non_pow2,0.7456
16384,8,radixsort_pow2,8.79206
16384,8,radixsort_non_pow2,9.728
16384,9,cpu_pow2,0.9126
16384,9,cpu_non_pow2,0.7382
16384,9,radixsort_pow2,8.23296
16384,9,radixsort_non_pow2,10.8995
16384,10,cpu_pow2,0.7111
16384,10,cpu_non_pow2,0.7135
16384,10,radixsort_pow2,7.80288
16384,10,radixsort_non_pow2,9.70752
32768,1,cpu_pow2,2.0392
32768,1,cpu_non_pow2,1.4586
32768,1,radixsort_pow2,8.13907
32768,1,radixsort_non_pow2,10.1763
32768,2,cpu_pow2,1.7165
32768,2,cpu_non_pow2,1.5264
32768,2,radixsort_pow2,8.54109
32768,2,radixsort_non_pow2,9.51715
32768,3,cpu_pow2,1.7449
32768,3,cpu_non_pow2,1.564
32768,3,radixsort_pow2,8.82499
32768,3,radixsort_non_pow2,9.99238
32768,4,cpu_pow2,1.6377
32768,4,cpu_non_pow2,1.5428
32768,4,radixsort_pow2,8.62384
32768,4,radixsort_non_pow2,9.87574
32768,5,cpu_pow2,1.8314
32768,5,cpu_non_pow2,1.5287
32768,5,radixsort_pow2,8.45795
32768,5,radixsort_non_pow2,10.4574
32768,6,cpu_pow2,1.566
32768,6,cpu_non_pow2,1.5696
32768,6,radixsort_pow2,9.16515
32768,6,radixsort_non_pow2,9.40928
32768,7,cpu_pow2,1.6343
32768,7,cpu_non_pow2,1.5655
32768,7,radixsort_pow2,8.86426
32768,7,radixsort_non_pow2,8.87331
32768,8,cpu_pow2,1.7344
32768,8,cpu_non_pow2,1.5418
32768,8,radixsort_pow2,8.32374
32768,8,radixsort_non_pow2,9.50976
32768,9,cpu_pow2,1.646
32768,9,cpu_non_pow2,1.51
32768,9,radixsort_pow2,9.10112
32768,9,radixsort_non_pow2,9.59808
32768,10,cpu_pow2,1.7292
32768,10,cpu_non_pow2,1.4931
32768,10,radixsort_pow2,8.03283
32768,10,radixsort_non_pow2,9.66461
65536,1,cpu_pow2,3.4814
65536,1,cpu_non_pow2,3.3578
65536,1,radixsort_pow2,7.76166
65536,1,radixsort_non_pow2,9.66013
65536,2,cpu_pow2,3.26
65536,2,cpu_non_pow2,3.2471
65536,2,radixsort_pow2,8.12717
65536,2,radixsort_non_pow2,9.04381
65536,3,cpu_pow2,3.5663
65536,3,cpu_non_pow2,3.3185
65536,3,radixsort_pow2,7.71843
65536,3,radixsort_non_pow2,9.98192
65536,4,cpu_pow2,3.2645
65536,4,cpu_non_pow2,3.2908
65536,4,radixsort_pow2,8.71018
65536,4,radixsort_non_pow2,10.2396
65536,5,cpu_pow2,3.6521
65536,5,cpu_non_pow2,3.9321
65536,5,radixsort_pow2,9.69318
65536,5,radixsort_non_pow2,10.0577
65536,6,cpu_pow2,3.4707
65536,6,cpu_non_pow2,3.2604
65536,6,radixsort_pow2,8.57818
65536,6,radixsort_non_pow2,8.81245
65536,7,cpu_pow2,3.309
65536,7,cpu_non_pow2,3.2483
65536,7,radixsort_pow2,8.09094
65536,7,radixsort_non_pow2,9.34371
65536,8,cpu_pow2,3.398
65536,8,cpu_non_pow2,3.2397
65536,8,radixsort_pow2,8.13494
65536,8,radixsort_non_pow2,10.0073
65536,9,cpu_pow2,3.4635
65536,9,cpu_non_pow2,3.2983
65536,9,radixsort_pow2,8.22051
65536,9,radixsort_non_pow2,8.05741
65536,10,cpu_pow2,3.6104
65536,10,cpu_non_pow2,3.2547
65536,10,radixsort_pow2,7.44486
65536,10,radixsort_non_pow2,9.26691
131072,1,cpu_pow2,7.2689
131072,1,cpu_non_pow2,7.1223
131072,1,radixsort_pow2,23.5286
131072,1,radixsort_non_pow2,10.7708
131072,2,cpu_pow2,6.986
131072,2,cpu_non_pow2,6.7363
131072,2,radixsort_pow2,9.74467
131072,2,radixsort_non_pow2,10.437
131072,3,cpu_pow2,6.9956
131072,3,cpu_non_pow2,6.8577
131072,3,radixsort_pow2,10.255
131072,3,radixsort_non_pow2,10.4286
131072,4,cpu_pow2,7.1561
131072,4,cpu_non_pow2,6.8991
131072,4,radixsort_pow2,8.01344
131072,4,radixsort_non_pow2,10.4806
131072,5,cpu_pow2,6.873
131072,5,cpu_non_pow2,6.9901
131072,5,radixsort_pow2,8.92461
131072,5,radixsort_non_pow2,10.5989
131072,6,cpu_pow2,6.9476
131072,6,cpu_non_pow2,6.8527
131072,6,radixsort_pow2,8.10896
131072,6,radixsort_non_pow2,9.09939
131072,7,cpu_pow2,6.8539
131072,7,cpu_non_pow2,6.8951
131072,7,radixsort_pow2,8.59392
131072,7,radixsort_non_pow2,10.4662
131072,8,cpu_pow2,6.9023
131072,8,cpu_non_pow2,6.8467
131072,8,radixsort_pow2,8.16234
131072,8,radixsort_non_pow2,9.75286
131072,9,cpu_pow2,6.8614
131072,9,cpu_non_pow2,6.898
131072,9,radixsort_pow2,8.07261
131072,9,radixsort_non_pow2,10.7548
131072,10,cpu_pow2,6.8861
131072,10,cpu_non_pow2,6.8388
131072,10,radixsort_pow2,8.73133
131072,10,radixsort_non_pow2,10.1843
262144,1,cpu_pow2,13.7022
262144,1,cpu_non_pow2,13.6261
262144,1,radixsort_pow2,41.0628
262144,1,radixsort_non_pow2,41.5971
262144,2,cpu_pow2,14.1539
262144,2,cpu_non_pow2,13.6582
262144,2,radixsort_pow2,40.7475
262144,2,radixsort_non_pow2,39.2637
262144,3,cpu_pow2,13.928
262144,3,cpu_non_pow2,13.431
262144,3,radixsort_pow2,39.2268
262144,3,radixsort_non_pow2,41.5457
262144,4,cpu_pow2,13.9735
262144,4,cpu_non_pow2,14.0254
262144,4,radixsort_pow2,40.2047
262144,4,radixsort_non_pow2,40.2706
262144,5,cpu_pow2,13.9074
262144,5,cpu_non_pow2,13.3946
262144,5,radixsort_pow2,38.8272
262144,5,radixsort_non_pow2,41.7732
262144,6,cpu_pow2,13.458
262144,6,cpu_non_pow2,13.7582
262144,6,radixsort_pow2,39.9342
262144,6,radixsort_non_pow2,40.7908
262144,7,cpu_pow2,13.5681
262144,7,cpu_non_pow2,13.6886
262144,7,radixsort_pow2,39.9582
262144,7,radixsort_non_pow2,39.2651
262144,8,cpu_pow2,13.7044
262144,8,cpu_non_pow2,13.9067
262144,8,radixsort_pow2,38.0496
262144,8,radixsort_non_pow2,40.6629
262144,9,cpu_pow2,13.6174
262144,9,cpu_non_pow2,13.695
262144,9,radixsort_pow2,40.1017
262144,9,radixsort_non_pow2,41.0712
262144,10,cpu_pow2,13.7482
262144,10,cpu_non_pow2,13.6265
262144,10,radixsort_pow2,40.3364
262144,10,radixsort_non_pow2,40.5949
524288,1,cpu_pow2,26.2559
524288,1,cpu_non_pow2,25.7275
524288,1,radixsort_pow2,46.9112
524288,1,radixsort_non_pow2,46.1847
524288,2,cpu_pow2,26.1733
524288,2,cpu_non_pow2,26.8918
524288,2,radixsort_pow2,45.3429
524288,2,radixsort_non_pow2,45.25
524288,3,cpu_pow2,25.4766
524288,3,cpu_non_pow2,25.8535
524288,3,radixsort_pow2,46.8657
524288,3,radixsort_non_pow2,46.1959
524288,4,cpu_pow2,26.2441
524288,4,cpu_non_pow2,25.7427
524288,4,radixsort_pow2,46.509
524288,4,radixsort_non_pow2,46.7176
524288,5,cpu_pow2,26.3006
524288,5,cpu_non_pow2,26.7468
524288,5,radixsort_pow2,47.9771
524288,5,radixsort_non_pow2,50.4236
524288,6,cpu_pow2,26.7854
524288,6,cpu_non_pow2,26.0227
524288,6,radixsort_pow2,47.1139
524288,6,radixsort_non_pow2,47.5199
524288,7,cpu_pow2,25.9513
524288,7,cpu_non_pow2,25.5866
524288,7,radixsort_pow2,46.8894
524288,7,radixsort_non_pow2,47.2251
524288,8,cpu_pow2,25.8295
524288,8,cpu_non_pow2,26.082
524288,8,radixsort_pow2,46.4053
524288,8,radixsort_non_pow2,48.3841
524288,9,cpu_pow2,26.0114
524288,9,cpu_non_pow2,25.8691
524288,9,radixsort_pow2,50.2007
524288,9,radixsort_non_pow2,46.5084
524288,10,cpu_pow2,26.3342
524288,10,cpu_non_pow2,25.7634
524288,10,radixsort_pow2,43.8896
524288,10,radixsort_non_pow2,46.1819
1048576,1,cpu_pow2,51.725
1048576,1,cpu_non_pow2,51.8295
1048576,1,radixsort_pow2,51.6252
1048576,1,radixsort_non_pow2,50.9465
1048576,2,cpu_pow2,51.2834
1048576,2,cpu_non_pow2,49.5117
1048576,2,radixsort_pow2,50.2353
1048576,2,radixsort_non_pow2,50.6454
1048576,3,cpu_pow2,50.8451
1048576,3,cpu_non_pow2,51.7985
1048576,3,radixsort_pow2,50.0359
1048576,3,radixsort_non_pow2,51.182
1048576,4,cpu_pow2,50.7828
1048576,4,cpu_non_pow2,51.3079
1048576,4,radixsort_pow2,49.7542
1048576,4,radixsort_non_pow2,50.2588
1048576,5,cpu_pow2,50.5902
1048576,5,cpu_non_pow2,49.7813
1048576,5,radixsort_pow2,50.2263
1048576,5,radixsort_non_pow2,50.1767
1048576,6,cpu_pow2,49.979
1048576,6,cpu_non_pow2,50.7429
1048576,6,radixsort_pow2,49.4942
1048576,6,radixsort_non_pow2,49.4941
1048576,7,cpu_pow2,51.1298
1048576,7,cpu_non_pow2,52.1358
1048576,7,radixsort_pow2,50.1065
1048576,7,radixsort_non_pow2,51.6395
1048576,8,cpu_pow2,50.1754
1048576,8,cpu_non_pow2,50.5928
1048576,8,radixsort_pow2,49.076
1048576,8,radixsort_non_pow2,52.1901
1048576,9,cpu_pow2,50.7922
1048576,9,cpu_non_pow2,50.5043
1048576,9,radixsort_pow2,50.7409
1048576,9,radixsort_non_pow2,50.9494
1048576,10,cpu_pow2,49.3953
1048576,10,cpu_non_pow2,50.3009
1048576,10,radixsort_pow2,50.0728
1048576,10,radixsort_non_pow2,50.6073
2097152,1,cpu_pow2,99.2969
2097152,1,cpu_non_pow2,98.844
2097152,1,radixsort_pow2,57.5874
2097152,1,radixsort_non_pow2,56.3668
2097152,2,cpu_pow2,98.2919
2097152,2,cpu_non_pow2,99.0055
2097152,2,radixsort_pow2,58.1849
2097152,2,radixsort_non_pow2,57.1159
2097152,3,cpu_pow2,99.7459
2097152,3,cpu_non_pow2,100.664
2097152,3,radixsort_pow2,56.7805
2097152,3,radixsort_non_pow2,56.1347
2097152,4,cpu_pow2,99.5306
2097152,4,cpu_non_pow2,101.685
2097152,4,radixsort_pow2,58.3835
2097152,4,radixsort_non_pow2,57.0717
2097152,5,cpu_pow2,100.764
2097152,5,cpu_non_pow2,101.344
2097152,5,radixsort_pow2,57.3329
2097152,5,radixsort_non_pow2,58.6157
2097152,6,cpu_pow2,102.15
2097152,6,cpu_non_pow2,101.258
2097152,6,radixsort_pow2,57.9577
2097152,6,radixsort_non_pow2,58.5743
2097152,7,cpu_pow2,98.6016
2097152,7,cpu_non_pow2,98.6839
2097152,7,radixsort_pow2,56.3813
2097152,7,radixsort_non_pow2,58.0832
2097152,8,cpu_pow2,99.5248
2097152,8,cpu_non_pow2,101.089
2097152,8,radixsort_pow2,57.4688
2097152,8,radixsort_non_pow2,58.6643
2097152,9,cpu_pow2,100.417
2097152,9,cpu_non_pow2,98.967
2097152,9,radixsort_pow2,55.6776
2097152,9,radixsort_non_pow2,57.4975
2097152,10,cpu_pow2,102.541
2097152,10,cpu_non_pow2,101.076
2097152,10,radixsort_pow2,57.8341
2097152,10,radixsort_non_pow2,57.5494
4194304,1,cpu_pow2,195.23
4194304,1,cpu_non_pow2,194.335
4194304,1,radixsort_pow2,73.6001
4194304,1,radixsort_non_pow2,74.0202
4194304,2,cpu_pow2,195.094
4194304,2,cpu_non_pow2,190.167
4194304,2,radixsort_pow2,72.3023
4194304,2,radixsort_non_pow2,77.5372
4194304,3,cpu_pow2,197.997
4194304,3,cpu_non_pow2,193.224
4194304,3,radixsort_pow2,72.8361
4194304,3,radixsort_non_pow2,75.0703
4194304,4,cpu_pow2,195.771
4194304,4,cpu_non_pow2,196.456
4194304,4,radixsort_pow2,75.5524
4194304,4,radixsort_non_pow2,73.361
4194304,5,cpu_pow2,195.885
4194304,5,cpu_non_pow2,193.249
4194304,5,radixsort_pow2,74.1706
4194304,5,radixsort_non_pow2,73.4458
4194304,6,cpu_pow2,198.366
4194304,6,cpu_non_pow2,197.27
4194304,6,radixsort_pow2,73.3776
4194304,6,radixsort_non_pow2,72.547
4194304,7,cpu_pow2,199.973
4194304,7,cpu_non_pow2,195.923
4194304,7,radixsort_pow2,74.1127
4194304,7,radixsort_non_pow2,73.2485
4194304,8,cpu_pow2,194.349
4194304,8,cpu_non_pow2,195.795
4194304,8,radixsort_pow2,72.7879
4194304,8,radixsort_non_pow2,73.6293
4194304,9,cpu_pow2,199.44
4194304,9,cpu_non_pow2,196.657
4194304,9,radixsort_pow2,73.8464
4194304,9,radixsort_non_pow2,73.5133
4194304,10,cpu_pow2,196.2
4194304,10,cpu_non_pow2,195.402
4194304,10,radixsort_pow2,73.7365
4194304,10,radixsort_non_pow2,73.4385
8388608,1,cpu_pow2,389.795
8388608,1,cpu_non_pow2,401.727
8388608,1,radixsort_pow2,107.963
8388608,1,radixsort_non_pow2,105.163
8388608,2,cpu_pow2,385.408
8388608,2,cpu_non_pow2,383.691
8388608,2,radixsort_pow2,105.487
8388608,2,radixsort_non_pow2,105.208
8388608,3,cpu_pow2,391.59
8388608,3,cpu_non_pow2,374.424
8388608,3,radixsort_pow2,104.287
8388608,3,radixsort_non_pow2,107.228
8388608,4,cpu_pow2,377.539
8388608,4,cpu_non_pow2,395.694
8388608,4,radixsort_pow2,104.934
8388608,4,radixsort_non_pow2,108.62
8388608,5,cpu_pow2,383.13
8388608,5,cpu_non_pow2,387.813
8388608,5,radixsort_pow2,105.347
8388608,5,radixsort_non_pow2,102.123
8388608,6,cpu_pow2,393.158
8388608,6,cpu_non_pow2,387.59
8388608,6,radixsort_pow2,104.947
8388608,6,radixsort_non_pow2,105.546
8388608,7,cpu_pow2,393.783
8388608,7,cpu_non_pow2,398.769
8388608,7,radixsort_pow2,106.472
8388608,7,radixsort_non_pow2,104.916
8388608,8,cpu_pow2,380.899
8388608,8,cpu_non_pow2,385.233
8388608,8,radixsort_pow2,104.837
8388608,8,radixsort_non_pow2,108.965
8388608,9,cpu_pow2,388.114
8388608,9,cpu_non_pow2,383.582
8388608,9,radixsort_pow2,104.838
8388608,9,radixsort_non_pow2,107.71
8388608,10,cpu_pow2,385.488
8388608,10,cpu_non_pow2,378.217
8388608,10,radixsort_pow2,104.353
8388608,10,radixsort_non_pow2,104.079
16777216,1,cpu_pow2,774.947
16777216,1,cpu_non_pow2,760.568
16777216,1,radixsort_pow2,169.911
16777216,1,radixsort_non_pow2,160.96
16777216,2,cpu_pow2,767.042
16777216,2,cpu_non_pow2,755.257
16777216,2,radixsort_pow2,167.325
16777216,2,radixsort_non_pow2,159.101
16777216,3,cpu_pow2,767.151
16777216,3,cpu_non_pow2,761.937
16777216,3,radixsort_pow2,168.185
16777216,3,radixsort_non_pow2,162.628
16777216,4,cpu_pow2,765.656
16777216,4,cpu_non_pow2,772.266
16777216,4,radixsort_pow2,167.013
16777216,4,radixsort_non_pow2,159.146
16777216,5,cpu_pow2,770.765
16777216,5,cpu_non_pow2,765.667
16777216,5,radixsort_pow2,166.513
16777216,5,radixsort_non_pow2,160.025
16777216,6,cpu_pow2,762.95
16777216,6,cpu_non_pow2,770.438
16777216,6,radixsort_pow2,167.253
16777216,6,radixsort_non_pow2,169.067
16777216,7,cpu_pow2,759.056
16777216,7,cpu_non_pow2,761.054
16777216,7,radixsort_pow2,167.528
16777216,7,radixsort_non_pow2,158.333
16777216,8,cpu_pow2,753.022
16777216,8,cpu_non_pow2,753.03
16777216,8,radixsort_pow2,168.375
16777216,8,radixsort_non_pow2,162.041
16777216,9,cpu_pow2,756.446
16777216,9,cpu_non_pow2,764.814
16777216,9,radixsort_pow2,166.933
16777216,9,radixsort_non_pow2,159.813
16777216,10,cpu_pow2,775.042
16777216,10,cpu_non_pow2,759.894
16777216,10,radixsort_pow2,166.249
16777216,10,radixsort_non_pow2,161.447
33554432,1,cpu_pow2,1539.45
33554432,1,cpu_non_pow2,1523.08
33554432,1,radixsort_pow2,290.056
33554432,1,radixsort_non_pow2,279.519
33554432,2,cpu_pow2,1533.33
33554432,2,cpu_non_pow2,1492.94
33554432,2,radixsort_pow2,286.482
33554432,2,radixsort_non_pow2,278.727
33554432,3,cpu_pow2,1518.03
33554432,3,cpu_non_pow2,1520.47
33554432,3,radixsort_pow2,286.96
33554432,3,radixsort_non_pow2,279.168
33554432,4,cpu_pow2,1513.25
33554432,4,cpu_non_pow2,1515.85
33554432,4,radixsort_pow2,290.399
33554432,4,radixsort_non_pow2,279.422
33554432,5,cpu_pow2,1516.88
33554432,5,cpu_non_pow2,1507.03
33554432,5,radixsort_pow2,287.379
33554432,5,radixsort_non_pow2,303.782
33554432,6,cpu_pow2,1526.54
33554432,6,cpu_non_pow2,1518.3
33554432,6,radixsort_pow2,292.845
33554432,6,radixsort_non_pow2,279.78
33554432,7,cpu_pow2,1516.4
33554432,7,cpu_non_pow2,1501.75
33554432,7,radixsort_pow2,285.407
33554432,7,radixsort_non_pow2,278.723
33554432,8,cpu_pow2,1539.81
33554432,8,cpu_non_pow2,1504.19
33554432,8,radixsort_pow2,285.582
33554432,8,radixsort_non_pow2,278.672
33554432,9,cpu_pow2,1505.77
33554432,9,cpu_non_pow2,1536.85
33554432,9,radixsort_pow2,290.809
33554432,9,radixsort_non_pow2,305.345
33554432,10,cpu_pow2,1546.37
33554432,10,cpu_non_pow2,1518.21
33554432,10,radixsort_pow2,289.364
33554432,10,radixsort_non_pow2,280.599
67108864,1,cpu_pow2,3068.55
67108864,1,cpu_non_pow2,3012.11
67108864,1,radixsort_pow2,515.612
67108864,1,radixsort_non_pow2,519.143
67108864,2,cpu_pow2,3005.19
67108864,2,cpu_non_pow2,3028.14
67108864,2,radixsort_pow2,526.227
67108864,2,radixsort_non_pow2,515.964
67108864,3,cpu_pow2,3058.06
67108864,3,cpu_non_pow2,3049.14
67108864,3,radixsort_pow2,521.026
67108864,3,radixsort_non_pow2,515.174
67108864,4,cpu_pow2,3010.2
67108864,4,cpu_non_pow2,3019.12
67108864,4,radixsort_pow2,517.42
67108864,4,radixsort_non_pow2,516.477
67108864,5,cpu_pow2,3032.43
67108864,5,cpu_non_pow2,3002.39
67108864,5,radixsort_pow2,521.633
67108864,5,radixsort_non_pow2,516.546
67108864,6,cpu_pow2,3027.27
67108864,6,cpu_non_pow2,3023.65
67108864,6,radixsort_pow2,520.2
67108864,6,radixsort_non_pow2,517.002
67108864,7,cpu_pow2,3067.05
67108864,7,cpu_non_pow2,3092.49
67108864,7,radixsort_pow2,536.546
67108864,7,radixsort_non_pow2,518.33
67108864,8,cpu_pow2,3017.05
67108864,8,cpu_non_pow2,3019.5
67108864,8,radixsort_pow2,524.98
67108864,8,radixsort_non_pow2,519.893
67108864,9,cpu_pow2,3011.92
67108864,9,cpu_non_pow2,2995.26
67108864,9,radixsort_pow2,523.85
67108864,9,radixsort_non_pow2,517.899
67108864,10,cpu_pow2,3003.54
67108864,10,cpu_non_pow2,3012.17
67108864,10,radixsort_pow2,520.796
67108864,10,radixsort_non_pow2,519.375
134217728,1,cpu_pow2,5936.73
134217728,1,cpu_non_pow2,6091.71
134217728,1,radixsort_pow2,1044.68
134217728,1,radixsort_non_pow2,1035.31
134217728,2,cpu_pow2,6000.72
134217728,2,cpu_non_pow2,5948.19
134217728,2,radixsort_pow2,1033.53
134217728,2,radixsort_non_pow2,1027.97
134217728,3,cpu_pow2,5981.03
134217728,3,cpu_non_pow2,5984.76
134217728,3,radixsort_pow2,1032.85
134217728,3,radixsort_non_pow2,1028.51
134217728,4,cpu_pow2,5893.52
134217728,4,cpu_non_pow2,5995.66
134217728,4,radixsort_pow2,1036.58
134217728,4,radixsort_non_pow2,1026.83
134217728,5,cpu_pow2,5970.86
134217728,5,cpu_non_pow2,6050.97
134217728,5,radixsort_pow2,1057.49
134217728,5,radixsort_non_pow2,1027.12
134217728,6,cpu_pow2,6114.02
134217728,6,cpu_non_pow2,6219.39
134217728,6,radixsort_pow2,1049.61
134217728,6,radixsort_non_pow2,1082.07
134217728,7,cpu_pow2,6049.7
134217728,7,cpu_non_pow2,6038.77
134217728,7,radixsort_pow2,1037.27
134217728,7,radixsort_non_pow2,1031.87
134217728,8,cpu_pow2,6179.4
134217728,8,cpu_non_pow2,6105.52
134217728,8,radixsort_pow2,1089.13
134217728,8,radixsort_non_pow2,1081.17
134217728,9,cpu_pow2,6135.11
134217728,9,cpu_non_pow2,6102.33
134217728,9,radixsort_pow2,1062.17
134217728,9,radixsort_non_pow2,1052.3
134217728,10,cpu_pow2,6062.03
134217728,10,cpu_non_pow2,6224.28
134217728,10,radixsort_pow2,1061.0
134217728,10,radixsort_non_pow2,1054.05
